toby@gmail.com,Sydney Children Hospital
toby@gmail.com,UTS Health Service
samuel@gmail.com,Prince of Wales Hospital
ss@gmail.com,Royal Prince Alfred Hospital
peggy@gmail.com,USYD Health Service
maite@gmail.com,UTS Health Service
peggy@gmail.com,Prince of Wales Hospital
ian@gmail.com,Sydney Children Hospital
gary@gmail.com,Sydney Children Hospital
maite@gmail.com,Sydney Children Hospital
maite@gmail.com,Prince of Wales Hospital
gary@gmail.com,USYD Health Service
joan@gmail.com,Prince of Wales Hospital
joan@gmail.com,UNSW Health Service
joan@gmail.com,UTS Health Service
sam@gmail.com,UTS Health Service
sam@gmail.com,Prince of Wales Hospital
huss@gmail.com,Royal Prince Alfred Hospital
huss@gmail.com,UNSW Health Service
stefan@gmail.com,Royal Prince Alfred Hospital
